{"IcoMoonType":"selection","icons":[{"icon":{"paths":["M512 128c211.744 0 384 172.256 384 384s-172.256 384-384 384-384-172.256-384-384 172.256-384 384-384M512 0c-282.752 0-512 229.248-512 512s229.248 512 512 512 512-229.248 512-512-229.248-512-512-512v0zM685.504 594.496l-109.504-109.632v-228.864h-128.736v255.744c0 19.264 8.864 35.872 22.24 47.744l125.504 125.504 90.496-90.496z"],"attrs":[],"isMulticolor":false,"isMulticolor2":false,"tags":["clock","time"],"grid":16},"attrs":[],"properties":{"id":148,"order":8,"prevSize":32,"code":59649,"name":"clock"},"setIdx":0,"setId":8,"iconIdx":147},{"icon":{"paths":["M950.857 369.714c0 10.286-7.429 20-14.857 27.429l-207.429 202.286 49.143 285.714c0.571 4 0.571 7.429 0.571 11.429 0 14.857-6.857 28.571-23.429 28.571-8 0-16-2.857-22.857-6.857l-256.571-134.857-256.571 134.857c-7.429 4-14.857 6.857-22.857 6.857-16.571 0-24-13.714-24-28.571 0-4 0.571-7.429 1.143-11.429l49.143-285.714-208-202.286c-6.857-7.429-14.286-17.143-14.286-27.429 0-17.143 17.714-24 32-26.286l286.857-41.714 128.571-260c5.143-10.857 14.857-23.429 28-23.429s22.857 12.571 28 23.429l128.571 260 286.857 41.714c13.714 2.286 32 9.143 32 26.286z"],"width":950.8571428571428,"attrs":[],"isMulticolor":false,"isMulticolor2":false,"tags":["star"],"defaultCode":61445,"grid":14},"attrs":[],"properties":{"name":"star","id":9,"order":15,"prevSize":28,"code":61445},"setIdx":1,"setId":7,"iconIdx":9},{"icon":{"paths":["M649.714 573.714l174.857-169.714-241.143-35.429-108-218.286-108 218.286-241.143 35.429 174.857 169.714-41.714 240.571 216-113.714 215.429 113.714zM950.857 369.714c0 10.286-7.429 20-14.857 27.429l-207.429 202.286 49.143 285.714c0.571 4 0.571 7.429 0.571 11.429 0 15.429-6.857 28.571-23.429 28.571-8 0-16-2.857-22.857-6.857l-256.571-134.857-256.571 134.857c-7.429 4-14.857 6.857-22.857 6.857-16.571 0-24-13.714-24-28.571 0-4 0.571-7.429 1.143-11.429l49.143-285.714-208-202.286c-6.857-7.429-14.286-17.143-14.286-27.429 0-17.143 17.714-24 32-26.286l286.857-41.714 128.571-260c5.143-10.857 14.857-23.429 28-23.429s22.857 12.571 28 23.429l128.571 260 286.857 41.714c13.714 2.286 32 9.143 32 26.286z"],"width":950.8571428571428,"attrs":[],"isMulticolor":false,"isMulticolor2":false,"tags":["star-o"],"defaultCode":61446,"grid":14},"attrs":[],"properties":{"name":"star-o","id":10,"order":14,"prevSize":28,"code":61446},"setIdx":1,"setId":7,"iconIdx":10},{"icon":{"paths":["M741.714 755.429c0 14.286-5.714 28.571-16 38.857l-77.714 77.714c-10.286 10.286-24.571 16-38.857 16s-28.571-5.714-38.857-16l-168-168-168 168c-10.286 10.286-24.571 16-38.857 16s-28.571-5.714-38.857-16l-77.714-77.714c-10.286-10.286-16-24.571-16-38.857s5.714-28.571 16-38.857l168-168-168-168c-10.286-10.286-16-24.571-16-38.857s5.714-28.571 16-38.857l77.714-77.714c10.286-10.286 24.571-16 38.857-16s28.571 5.714 38.857 16l168 168 168-168c10.286-10.286 24.571-16 38.857-16s28.571 5.714 38.857 16l77.714 77.714c10.286 10.286 16 24.571 16 38.857s-5.714 28.571-16 38.857l-168 168 168 168c10.286 10.286 16 24.571 16 38.857z"],"width":804.5714285714286,"attrs":[],"isMulticolor":false,"isMulticolor2":false,"tags":["close","remove","times"],"defaultCode":61453,"grid":14},"attrs":[],"properties":{"name":"close, remove, times","id":17,"order":16,"prevSize":28,"code":61453},"setIdx":1,"setId":7,"iconIdx":17},{"icon":{"paths":["M256 256c0-40.571-32.571-73.143-73.143-73.143s-73.143 32.571-73.143 73.143 32.571 73.143 73.143 73.143 73.143-32.571 73.143-73.143zM865.714 585.143c0 19.429-8 38.286-21.143 51.429l-280.571 281.143c-13.714 13.143-32.571 21.143-52 21.143s-38.286-8-51.429-21.143l-408.571-409.143c-29.143-28.571-52-84-52-124.571v-237.714c0-40 33.143-73.143 73.143-73.143h237.714c40.571 0 96 22.857 125.143 52l408.571 408c13.143 13.714 21.143 32.571 21.143 52zM1085.143 585.143c0 19.429-8 38.286-21.143 51.429l-280.571 281.143c-13.714 13.143-32.571 21.143-52 21.143-29.714 0-44.571-13.714-64-33.714l268.571-268.571c13.143-13.143 21.143-32 21.143-51.429s-8-38.286-21.143-52l-408.571-408c-29.143-29.143-84.571-52-125.143-52h128c40.571 0 96 22.857 125.143 52l408.571 408c13.143 13.714 21.143 32.571 21.143 52z"],"width":1085.1474285714285,"attrs":[],"isMulticolor":false,"isMulticolor2":false,"tags":["tags"],"defaultCode":61484,"grid":14},"attrs":[],"properties":{"name":"tags","id":45,"order":11,"prevSize":28,"code":61484},"setIdx":1,"setId":7,"iconIdx":45},{"icon":{"paths":["M801.714 168.571c5.714 13.714 2.857 29.714-8 40l-281.714 281.714v424c0 14.857-9.143 28-22.286 33.714-4.571 1.714-9.714 2.857-14.286 2.857-9.714 0-18.857-3.429-25.714-10.857l-146.286-146.286c-6.857-6.857-10.857-16-10.857-25.714v-277.714l-281.714-281.714c-10.857-10.286-13.714-26.286-8-40 5.714-13.143 18.857-22.286 33.714-22.286h731.429c14.857 0 28 9.143 33.714 22.286z"],"width":804.5714285714286,"attrs":[],"isMulticolor":false,"isMulticolor2":false,"tags":["filter"],"defaultCode":61616,"grid":14},"attrs":[],"properties":{"name":"filter","id":166,"order":12,"prevSize":28,"code":61616},"setIdx":1,"setId":7,"iconIdx":166},{"icon":{"paths":["M475.429 621.714v-73.143c0-10.286-8-18.286-18.286-18.286h-109.714v-109.714c0-10.286-8-18.286-18.286-18.286h-73.143c-10.286 0-18.286 8-18.286 18.286v109.714h-109.714c-10.286 0-18.286 8-18.286 18.286v73.143c0 10.286 8 18.286 18.286 18.286h109.714v109.714c0 10.286 8 18.286 18.286 18.286h73.143c10.286 0 18.286-8 18.286-18.286v-109.714h109.714c10.286 0 18.286-8 18.286-18.286zM804.571 658.286c0-40.571-32.571-73.143-73.143-73.143s-73.143 32.571-73.143 73.143 32.571 73.143 73.143 73.143 73.143-32.571 73.143-73.143zM950.857 512c0-40.571-32.571-73.143-73.143-73.143s-73.143 32.571-73.143 73.143 32.571 73.143 73.143 73.143 73.143-32.571 73.143-73.143zM1097.143 585.143c0 161.714-130.857 292.571-292.571 292.571-74.286 0-141.714-28-193.143-73.143h-125.714c-51.429 45.143-118.857 73.143-193.143 73.143-161.714 0-292.571-130.857-292.571-292.571s130.857-292.571 292.571-292.571h512c161.714 0 292.571 130.857 292.571 292.571z"],"width":1097.142857142857,"attrs":[],"isMulticolor":false,"isMulticolor2":false,"tags":["gamepad"],"defaultCode":61723,"grid":14},"attrs":[],"properties":{"name":"gamepad","id":253,"order":9,"prevSize":28,"code":61723},"setIdx":1,"setId":7,"iconIdx":253},{"icon":{"paths":["M677.714 546.857l146.857-142.857-241.143-35.429-17.143-34.286-90.857-184v550.286l33.714 17.714 181.714 96-34.286-202.857-6.857-37.714zM936 397.143l-207.429 202.286 49.143 285.714c4 25.143-5.143 40-22.857 40-6.286 0-14.286-2.286-22.857-6.857l-256.571-134.857-256.571 134.857c-8.571 4.571-16.571 6.857-22.857 6.857-17.714 0-26.857-14.857-22.857-40l49.143-285.714-208-202.286c-24.571-24.571-16.571-48.571 17.714-53.714l286.857-41.714 128.571-260c7.429-15.429 17.714-23.429 28-23.429v0c10.286 0 20 8 28 23.429l128.571 260 286.857 41.714c34.286 5.143 42.286 29.143 17.143 53.714z"],"width":950.8571428571428,"attrs":[],"isMulticolor":false,"isMulticolor2":false,"tags":["star-half-empty","star-half-full","star-half-o"],"defaultCode":61731,"grid":14},"attrs":[],"properties":{"name":"star-half-empty, star-half-full, star-half-o","id":260,"order":10,"prevSize":28,"code":61731},"setIdx":1,"setId":7,"iconIdx":260},{"icon":{"paths":["M201.143 804.571v73.143h-201.143v-73.143h201.143zM402.286 731.429c20 0 36.571 16.571 36.571 36.571v146.286c0 20-16.571 36.571-36.571 36.571h-146.286c-20 0-36.571-16.571-36.571-36.571v-146.286c0-20 16.571-36.571 36.571-36.571h146.286zM493.714 512v73.143h-493.714v-73.143h493.714zM128 219.429v73.143h-128v-73.143h128zM877.714 804.571v73.143h-420.571v-73.143h420.571zM329.143 146.286c20 0 36.571 16.571 36.571 36.571v146.286c0 20-16.571 36.571-36.571 36.571h-146.286c-20 0-36.571-16.571-36.571-36.571v-146.286c0-20 16.571-36.571 36.571-36.571h146.286zM694.857 438.857c20 0 36.571 16.571 36.571 36.571v146.286c0 20-16.571 36.571-36.571 36.571h-146.286c-20 0-36.571-16.571-36.571-36.571v-146.286c0-20 16.571-36.571 36.571-36.571h146.286zM877.714 512v73.143h-128v-73.143h128zM877.714 219.429v73.143h-493.714v-73.143h493.714z"],"width":877.7142857142857,"attrs":[],